{"west": 9.16362763394136, "south": 48.78900873335118, "east": 9.28804778738413, "north": 48.878862334264085}